,precision,recall,f1-score,support
0,0.9975432096827366,0.2295790626004834,0.37325544512581943,553574.0
1,0.004277205901236701,0.8540792540792541,0.008511785012382044,2145.0
accuracy,0.2319895486747799,0.2319895486747799,0.2319895486747799,0.2319895486747799
macro avg,0.5009102077919866,0.5418291583398688,0.19088361506910073,555719.0
weighted avg,0.9937093375673125,0.2319895486747799,0.37184758404685087,555719.0
finanacial loss,286142.81999999995
