,precision,recall,f1-score,support
0,0.9929636768531167,0.19170336757145387,0.3213636804108726,553574.0
1,0.0031035212601232052,0.6494172494172494,0.006177520565866205,2145.0
accuracy,0.19347008110213976,0.19347008110213976,0.19347008110213976,0.19347008110213976
macro avg,0.49803359905662,0.42056030849435166,0.1637706004883694,555719.0
weighted avg,0.9891429508499623,0.19347008110213976,0.32014710456432505,555719.0
finanacial loss,672202.41
