,precision,recall,f1-score,support
0,0.9992365187198802,0.37118795319144327,0.5412987957234551,553574.0
1,0.005678669568843871,0.9268065268065268,0.011288174955355496,2145.0
accuracy,0.37333256555921246,0.37333256555921246,0.37333256555921246,0.37333256555921246
macro avg,0.502457594144362,0.648997239998985,0.2762934853394053,555719.0
weighted avg,0.9954015201208958,0.37333256555921246,0.5392530265819508,555719.0
finanacial loss,2659.78
