,precision,recall,f1-score,support
0,0.9964056387925309,0.24387525425688344,0.39184458918184667,553574.0
1,0.003945467828255546,0.772960372960373,0.007850862032227362,2145.0
accuracy,0.24591745108589053,0.24591745108589053,0.24591745108589053,0.24591745108589053
macro avg,0.5001755533103932,0.5084178136086283,0.199847725607037,555719.0
weighted avg,0.9925748770825328,0.24591745108589053,0.39036242545389077,555719.0
finanacial loss,420495.35
