,precision,recall,f1-score,support
0,0.9967708974678072,0.27490633591895575,0.4309562646549087,553574.0
1,0.004098797900978799,0.7701631701631702,0.00815419926454256,2145.0
accuracy,0.2768179601561221,0.2768179601561221,0.2768179601561221,0.2768179601561221
macro avg,0.5004348476843931,0.5225347530410629,0.21955523195972565,555719.0
weighted avg,0.992939317742135,0.2768179601561221,0.42932430600267196,555719.0
finanacial loss,414984.08999999997
