,precision,recall,f1-score,support
0,0.9911110004481849,0.2157164173172873,0.3543156395573095,553574.0
1,0.0024676437678209143,0.5006993006993007,0.0049110837765045335,2145.0
accuracy,0.21681641261140971,0.21681641261140971,0.21681641261140971,0.21681641261140971
macro avg,0.4967893221080029,0.358207859008294,0.179613361666907,555719.0
weighted avg,0.9872949711238692,0.21681641261140971,0.35296698534151005,555719.0
finanacial loss,933578.1499999999
