,precision,recall,f1-score,support
0,0.9954336541178921,0.24178881233583946,0.38907266480242314,553574.0
1,0.0036343609720431947,0.7137529137529137,0.007231897818149182,2145.0
accuracy,0.2436105297821381,0.2436105297821381,0.2436105297821381,0.2436105297821381
macro avg,0.49953400754496763,0.4777708630443766,0.19815228131028617,555719.0
weighted avg,0.9916054433066767,0.2436105297821381,0.3875988112088241,555719.0
finanacial loss,558481.53
